"","parameters","ICC"
"1","Drift rate",0.531923478717947
"2","Drift rate (congruent)",0.628944953922359
"3","Drift rate (incongruent)",0.521878937128387
"4","Threshold",0.654806423924675
"5","Non-decision time",0.311317022551403
"6","Starting bias",0.229329258843048
"7","NIH Toolbox",0.412986554603982
"8","Raw accuracy",0.670576851606736
