"","parameters","ICC"
"1","v",0.502233521396469
"2","v_congruent",0.59710763695513
"3","v_incongruent",0.531368315908916
"4","a",0.724520258216922
"5","t",0.396940532112439
"6","z",0.195204221248813
"7","nihtoolbox_flanker",0.413411754249777
