"","Parameters","b_ddm","p_ddm","b_flanker","p_flanker"
"1","v",-0.191221610890127,0.160485949268573,-0.121567856547943,0.370168944870565
"2","v_congruent",-0.226439105217196,0.0785192084485383,-0.127699712278717,0.317284981774866
"3","v_incongruent",0.00672941975130595,0.962831490122333,-0.21630230912526,0.137412724488216
"4","a",0.203219622699964,0.0892099068054007,-0.223207859019709,0.0625117813878923
"5","t",0.0995285752099636,0.420454896823254,-0.234859594781338,0.060044786953483
"6","z",-0.0703186399135555,0.563700213704251,-0.22260757685296,0.0706664219498617
