"","Parameters","b_ddm","p_ddm","b_flanker","p_flanker"
"1","v",-0.250235065371818,0.890394267010016,0.00827221005185406,0.890394267010016
"2","v_congruent",-0.19242638778918,0.341698550345569,-0.0521452866382275,0.341698550345569
"3","v_incongruent",-0.221935756342414,0.892369194221882,0.00876435598565312,0.892369194221882
"4","a",0.0861705762766571,0.0164846213473167,-0.121990762066282,0.0164846213473167
"5","t",-0.0409403897154038,0.0116343207125432,-0.128438620365303,0.0116343207125432
"6","z",-0.0292224221443377,0.00778213980853559,-0.137203104978853,0.00778213980853559
