"","Parameters","b_ddm","p_ddm","b_flanker","p_flanker"
"1","v",-0.233988412022337,0.104999211939169,-0.0313537240597648,0.826332203824937
"2","v_congruent",-0.191793642015741,0.14863465530761,-0.0813111745907822,0.537621593958001
"3","v_incongruent",-0.194387074993573,0.212201911453771,-0.0365452051968037,0.813503805249292
"4","a",-0.0206936448296849,0.867675504401104,-0.154179695993212,0.21713741960802
"5","t",-0.0486698140076378,0.695319322313149,-0.149883905253419,0.23009568247825
"6","z",0.113257489195756,0.377150216815809,-0.12387158777199,0.334366173155405
