"","Parameters","b_ddm","p_ddm","b_flanker","p_flanker"
"1","v",-0.280572025349761,0.0245254163104509,-0.198706514079508,0.108304613239119
"2","v_congruent",-0.232648218497651,0.0391372315458756,-0.269244645617698,0.0174948143810934
"3","v_incongruent",-0.181449267933693,0.196671053846223,-0.228933741697668,0.104433958265482
"4","a",0.0051595838598969,0.962224451900827,-0.345305252366938,0.00213069612294815
"5","t",0.050529302856639,0.639574550190378,-0.345732978886915,0.0019039118128659
"6","z",-0.0090168752798462,0.935282055742372,-0.348094200099041,0.00236947625323368
