"","parameters","ICC","p"
"1","v",0.115739373493436,0.0727725701054448
"2","v_congruent",0.153911380379344,0.0261557948162839
"3","v_incongruent",0.137574959048217,0.0415947828743486
"4","a",0.0867390076215706,0.138042461063954
"5","t",0.142978220284219,0.0358346757688495
"6","z",0.0777007069628772,0.164703580096369
"7","nihtoolbox_flanker",0.0547951895619692,0.245945228869113
"8","accuracy",0.108741731012031,0.0858269489350948
