"","parameters","ICC","p"
"1","v",0.114283123412772,0.080764086314144
"2","a",0.0914021037586455,0.131710816783738
"3","t",0.10270487557933,0.104318397638472
"4","z",0.14363522709671,0.0389584760901108
"5","nihtoolbox_flanker",0.0534989959373058,0.256644042196631
"6","accuracy_incongruent_z",0.0681047827447433,0.202553467728437
"7","rt_interference_z",0.24976667149073,0.000970591539622302
