"","parameters","ICC"
"1","v",0.115739373493436
"2","v_congruent",0.153911380379344
"3","v_incongruent",0.137574959048217
"4","a",0.0867390076215706
"5","t",0.142978220284219
"6","z",0.0777007069628772
"7","nihtoolbox_flanker",0.0547951895619692
"8","accuracy",0.108741731012031
