"","parameters","ICC","p"
"1","v",0.107275863390961,0.0944907596882493
"2","v_congruent",0.152373832887244,0.0306451383664574
"3","v_incongruent",0.110683104684825,0.087617456780069
"4","a",0.063910604049959,0.217353265476127
"5","t",0.152604306182993,0.0304473035658006
"6","z",0.0747332457537883,0.180418875240564
"7","nihtoolbox_flanker",0.0534989959373058,0.256644042196631
"8","accuracy_incongruent_z",0.0681047827447433,0.202553467728437
"9","accuracy_z",0.0630142117885903,0.220594606309288
