"","parameters","ICC"
"1","v",0.531923478717947
"2","v_congruent",0.628944953922359
"3","v_incongruent",0.521878937128387
"4","a",0.654806423924675
"5","t",0.311317022551403
"6","z",0.229329258843048
"7","nihtoolbox_flanker",0.412986554603982
