"","parameters","ICC","CI","lower_ci","upper_ci"
"1","Drift rate",0.53,"[0.39, 0.67]",0.386029118868049,0.665346890390027
"2","Drift rate (congruent)",0.63,"[0.5, 0.74]",0.504963150489786,0.736845204469151
"3","Drift rate (incongruent)",0.52,"[0.38, 0.65]",0.381715198528297,0.651296703136199
"4","Boundary separation",0.65,"[0.54, 0.76]",0.53591358354225,0.756806343835703
"5","Non-decision time",0.31,"[0.16, 0.47]",0.160157254102805,0.468060987571258
"6","Starting bias",0.23,"[0.08, 0.39]",0.0805675663044624,0.39072010011892
"7","NIH Toolbox",0.47,"[0.32, 0.61]",0.315015033955302,0.612510854940622
"8","Accuracy (incongruent)",0.7,"[0.58, 0.79]",0.581135673203481,0.792481270726931
