"","parameters","ICC"
"1","v",0.531923478717947
"2","v_congruent",0.703038655218413
"3","v_incongruent",0.526292053421797
"4","a",0.729854627259223
"5","t",0.473694004375972
"6","z",0.334552340142099
"7","nihtoolbox_flanker",0.41731636756752
