"","parameters","ICC"
"1","Drift rate",0.580717960601614
"2","Boundary separation",0.788092742041599
"3","Non-decision time",0.454305149818932
"4","Starting bias",0.385754878247406
"5","NIH Toolbox",0.472949998435274
"6","Raw accuracy",0.715831803517186
"7","Raw accuracy (incongruent)",0.720563916371387
"8","RT interference",0.751748332338601
